"Status","Start Time","Stop Time","Duration in ms","Parent Suite","Suite","Sub Suite","Test Class","Test Method","Name","Description"
"passed","Wed Sep 09 19:21:33 UTC 2026","Wed Sep 09 19:21:33 UTC 2026","180","","negative.UserNegativeTests","","negative.UserNegativeTests","shouldReturnNotFoundWhenResourceDoesNotExist","shouldReturnNotFoundWhenResourceDoesNotExist()",""
"passed","Wed Sep 09 19:21:33 UTC 2026","Wed Sep 09 19:21:33 UTC 2026","1","","smoke.SmokeTest","","smoke.SmokeTest","shouldRunFramework","shouldRunFramework()",""
"passed","Wed Sep 09 19:21:31 UTC 2026","Wed Sep 09 19:21:32 UTC 2026","310","","crud.UserCrudTest","","crud.UserCrudTest","shouldUpdateUserPartiallyWhenUserExists","shouldUpdateUserPartiallyWhenUserExists()",""
"passed","Wed Sep 09 19:21:32 UTC 2026","Wed Sep 09 19:21:33 UTC 2026","457","","negative.UserNegativeTests","","negative.UserNegativeTests","shouldReturnUnauthorizedWhenTokenIsMissing","shouldReturnUnauthorizedWhenTokenIsMissing()",""
"passed","Wed Sep 09 19:21:30 UTC 2026","Wed Sep 09 19:21:31 UTC 2026","429","","crud.UserCrudTest","","crud.UserCrudTest","shouldReplaceUserWhenUserExists","shouldReplaceUserWhenUserExists()",""
"passed","Wed Sep 09 19:21:31 UTC 2026","Wed Sep 09 19:21:31 UTC 2026","374","","crud.UserCrudTest","","crud.UserCrudTest","shouldDeleteUserWhenUserExists","shouldDeleteUserWhenUserExists()",""
"passed","Wed Sep 09 19:21:28 UTC 2026","Wed Sep 09 19:21:30 UTC 2026","2790","","crud.UserCrudTest","","crud.UserCrudTest","shouldCreateOneUserWhenRequestIsValid","shouldCreateOneUserWhenRequestIsValid()",""
"passed","Wed Sep 09 19:21:32 UTC 2026","Wed Sep 09 19:21:32 UTC 2026","290","","crud.UserCrudTest","","crud.UserCrudTest","shouldReturnOneUserWhenUserExists","shouldReturnOneUserWhenUserExists()",""
"passed","Wed Sep 09 19:21:32 UTC 2026","Wed Sep 09 19:21:32 UTC 2026","196","","crud.UserCrudTest","","crud.UserCrudTest","shouldReturnUsersWhenApiIsAvailable","shouldReturnUsersWhenApiIsAvailable()",""
